residue,avg_sasa_all_ph
32,0.5882999999999999
33,0.7888888888888889
34,0.1605888888888889
35,1.27495
36,0.21448333333333333
37,1.0263833333333334
38,0.7881388888888889
39,1.354761111111111
40,0.8144555555555555
41,0.10311111111111111
42,0.9096166666666667
43,0.21483333333333332
44,0.7942777777777779
45,0.46054999999999996
46,1.487672222222222
47,0.8759277777777777
48,0.5099888888888889
49,0.13557777777777777
50,0.8577444444444444
51,0.0010777777777777778
52,0.14756666666666668
53,0.005888888888888889
54,0.8042111111111111
55,0.35576111111111114
56,0.71865
57,0.8823444444444444
58,0.5112111111111112
59,1.731438888888889
60,0.6065499999999999
61,1.059611111111111
62,0.8880777777777777
63,0.16622777777777775
64,0.5910388888888889
65,0.13516666666666666
66,0.09039444444444444
67,0.0015500000000000002
68,0.32156666666666667
69,0.0934388888888889
70,0.4332944444444444
71,0.5705333333333333
72,1.228127777777778
73,1.7570166666666667
74,1.3064888888888888
75,0.754461111111111
76,0.61425
77,0.9365777777777777
78,0.005955555555555556
79,0.20944444444444443
80,0.7542722222222222
81,0.7669222222222223
82,1.1482222222222223
83,1.4717611111111113
84,0.3360944444444444
85,0.5990666666666667
86,0.5837666666666667
87,0.8750555555555555
88,0.007677777777777777
89,0.5546722222222222
90,0.8743444444444445
91,0.60745
92,0.08078888888888888
93,1.043488888888889
94,0.38195
95,0.8111222222222222
96,0.7191611111111111
97,1.4691722222222223
98,0.12276666666666666
99,0.112
100,0.0001722222222222222
101,0.5474
102,0.0003888888888888889
103,1.0361777777777776
104,0.8180611111111111
105,0.0011833333333333333
106,0.4328388888888889
107,0.8002944444444444
108,1.6266666666666667
109,0.022577777777777776
110,0.31601666666666667
111,0.14018333333333333
112,0.6201166666666666
113,0.0004
114,0.5968555555555555
115,0.0007333333333333333
116,0.1822666666666667
117,0.004855555555555556
118,0.1031611111111111
119,0.19988333333333333
120,1.2465333333333333
121,1.5683333333333334
122,0.7232
123,1.9395666666666667
124,1.5260055555555556
125,0.7207111111111111
126,0.7287111111111111
127,0.5538
128,0.7703166666666666
129,0.1175611111111111
130,0.5065666666666666
131,0.0006944444444444445
132,0.8561277777777777
133,0.03122222222222222
134,0.3688777777777778
135,0.011033333333333332
136,0.25980000000000003
137,0.07708888888888889
138,1.1478388888888889
139,0.03886111111111111
140,0.7970333333333334
141,1.115961111111111
142,0.05931111111111112
143,0.7019833333333333
144,0.08910555555555555
145,1.5476166666666666
146,0.17622222222222222
147,0.44331666666666664
148,1.715561111111111
149,0.4637222222222222
150,0.10721111111111112
151,0.6587055555555555
152,0.7450611111111111
153,0.41479444444444447
154,1.3798777777777778
155,1.27945
156,0.050938888888888895
157,0.6024166666666667
158,0.00025
159,0.7355944444444444
160,0.030199999999999998
161,0.9587444444444445
162,0.18523333333333333
163,0.9465666666666667
164,0.6589833333333334
165,0.05277777777777778
166,0.7072055555555555
167,0.5553388888888889
168,1.6913
169,0.07062222222222221
170,1.080177777777778
171,0.16378333333333334
172,0.4326277777777778
173,0.015205555555555555
174,0.5317166666666666
175,0.21978333333333333
176,0.8024611111111111
177,1.033411111111111
178,0.5778611111111112
179,0.7749222222222223
180,0.09995555555555555
181,0.3477
182,0.8909222222222222
183,0.7323111111111111
184,0.2607777777777778
185,1.7525388888888886
186,0.7960166666666667
187,0.4774666666666667
188,1.0745555555555555
189,1.7815666666666665
190,0.2290611111111111
191,1.5893222222222223
192,1.2780277777777778
193,0.1351111111111111
194,0.45800555555555555
195,0.11843888888888889
196,1.1074055555555558
197,0.18997777777777777
198,0.6671333333333334
199,0.4274
200,1.3279555555555556
201,0.7964
202,0.000988888888888889
203,0.29866666666666664
204,0.0013499999999999999
205,0.39061666666666667
206,0.0114
207,0.7513166666666666
208,0.3708111111111111
209,0.010777777777777778
210,0.7971666666666667
211,1.3558777777777777
212,1.1176222222222223
213,0.04207222222222222
214,0.40345000000000003
215,0.12661111111111112
216,0.7133388888888889
217,0.0020944444444444448
218,0.17310555555555554
219,0.00042222222222222227
220,0.33608333333333335
221,0.00030555555555555555
222,0.3962111111111111
223,0.2104
224,1.2787333333333333
225,0.21572777777777777
226,0.21102777777777776
227,0.7765222222222222
228,0.18739444444444445
229,1.4304
230,0.05321666666666666
231,1.4114722222222222
232,0.9027277777777777
233,0.5469111111111111
234,0.9623444444444446
235,0.008111111111111112
236,0.8696722222222222
237,0.09073888888888888
238,1.6724444444444444
