residue,SEQ,residue_pi,SCORE,avg_rmsf_all_ph,delta_rmsf,avg_sasa_all_ph,delta_sasa
32,V,5.96,-0.73,0.15238166666666667,0.040935,0.5882999999999999,0.5912499999999999
33,N,5.41,0.019,0.1485322222222222,0.0353,0.7888888888888889,0.2890499999999999
34,L,5.98,-0.664,0.10916833333333334,0.027865000000000015,0.1605888888888889,0.14799999999999996
35,K,9.74,0.776,0.149245,0.031505000000000005,1.27495,0.1291500000000001
36,S,5.68,-0.431,0.09753444444444444,0.027560000000000015,0.21448333333333333,0.11429999999999996
37,S,5.68,1.258,0.12149,0.040069999999999995,1.0263833333333334,0.07985000000000009
38,N,5.41,0.106,0.11104666666666667,0.026790000000000008,0.7881388888888889,0.04354999999999998
39,R,10.76,2.316,0.1376222222222222,0.033774999999999986,1.354761111111111,0.14785000000000004
40,T,5.6,1.479,0.11651111111111111,0.020345000000000002,0.8144555555555555,0.07305000000000006
41,P,6.3,-0.79,0.09604611111111111,0.019195000000000004,0.10311111111111111,0.02725000000000001
42,V,5.96,0.712,0.12239944444444445,0.022600000000000023,0.9096166666666667,0.06084999999999985
43,V,5.96,-0.725,0.11121666666666667,0.027469999999999994,0.21483333333333332,0.08445
44,Q,5.65,0.778,0.14549722222222222,0.04323500000000001,0.7942777777777779,0.2641000000000001
45,E,3.22,-1.289,0.12993,0.04833,0.46054999999999996,0.24889999999999995
46,F,5.48,-0.512,0.15773,0.053474999999999995,1.487672222222222,0.0626500000000001
47,E,3.22,1.276,0.14298,0.03259000000000001,0.8759277777777777,0.13055000000000005
48,S,5.68,0.126,0.10325666666666666,0.032670000000000005,0.5099888888888889,0.12385000000000002
49,V,5.96,-0.112,0.08759666666666667,0.020839999999999997,0.13557777777777777,0.023050000000000015
50,E,3.22,-0.317,0.11123055555555555,0.01672499999999999,0.8577444444444444,0.10329999999999995
51,L,5.98,-1.245,0.07430777777777778,0.01716000000000001,0.0010777777777777778,0.003650000000000001
52,S,5.68,-0.489,0.08012222222222222,0.018070000000000017,0.14756666666666668,0.1237
53,C,5.07,-1.351,0.07702666666666666,0.013385000000000008,0.005888888888888889,0.0118
54,I,6.02,0.347,0.11072666666666668,0.01526000000000001,0.8042111111111111,0.12685000000000002
55,I,6.02,-0.227,0.10934722222222222,0.018769999999999995,0.35576111111111114,0.25534999999999997
56,T,5.6,0.136,0.1363611111111111,0.030759999999999996,0.71865,0.3063500000000001
57,D,2.77,-0.406,0.16417555555555557,0.026469999999999994,0.8823444444444444,0.47544999999999993
58,S,5.68,-0.524,0.15761722222222221,0.05804500000000001,0.5112111111111112,0.5636
59,Q,5.65,-0.22,0.22276944444444446,0.04457500000000003,1.731438888888889,0.3196999999999999
60,T,5.6,-0.473,0.17108500000000001,0.028925000000000006,0.6065499999999999,0.42885000000000006
61,S,5.68,1.605,0.18193277777777778,0.02357999999999999,1.059611111111111,0.15015000000000012
62,D,2.77,1.056,0.16444166666666668,0.027739999999999987,0.8880777777777777,0.24829999999999997
63,P,6.3,-0.336,0.1253561111111111,0.01826,0.16622777777777775,0.12555
64,R,10.76,-1.384,0.12480833333333334,0.040145,0.5910388888888889,0.5474
65,I,6.02,-0.776,0.09349944444444444,0.01576000000000001,0.13516666666666666,0.092
66,E,3.22,-1.342,0.09199277777777777,0.009645,0.09039444444444444,0.03365000000000001
67,W,5.89,-1.295,0.05546277777777778,0.0059100000000000055,0.0015500000000000002,0.006450000000000001
68,K,9.74,-1.238,0.09211666666666668,0.01963999999999999,0.32156666666666667,0.27615
69,K,9.74,-0.935,0.09186888888888889,0.01892999999999999,0.0934388888888889,0.10385000000000001
70,I,6.02,0.391,0.12096444444444443,0.03131999999999999,0.4332944444444444,0.2095499999999999
71,Q,5.65,0.981,0.16054666666666667,0.03125999999999998,0.5705333333333333,0.2559
72,D,2.77,0.984,0.18667,0.04845000000000002,1.228127777777778,0.3109000000000002
73,E,3.22,1.018,0.21444888888888888,0.02478500000000003,1.7570166666666667,0.09029999999999982
74,Q,5.65,0.577,0.18339166666666668,0.028230000000000005,1.3064888888888888,0.06764999999999999
75,T,5.6,-0.433,0.12834055555555557,0.024880000000000027,0.754461111111111,0.08245000000000002
76,T,5.6,-0.206,0.11065722222222223,0.020939999999999973,0.61425,0.09319999999999995
77,Y,5.66,-0.366,0.11925944444444443,0.017295000000000005,0.9365777777777777,0.30815000000000003
78,V,5.96,-1.144,0.07338166666666666,0.012069999999999984,0.005955555555555556,0.008400000000000001
79,F,5.48,-0.118,0.07835388888888889,0.011685000000000001,0.20944444444444443,0.09804999999999997
80,F,5.48,-0.023,0.12360166666666667,0.015354999999999994,0.7542722222222222,0.21335000000000004
81,D,2.77,0.72,0.13539166666666666,0.03981000000000001,0.7669222222222223,0.4886499999999999
82,N,5.41,0.178,0.1417561111111111,0.017085000000000017,1.1482222222222223,0.3528
83,K,9.74,1.219,0.16170444444444446,0.022210000000000008,1.4717611111111113,0.19904999999999995
84,I,6.02,0.12,0.095665,0.019234999999999988,0.3360944444444444,0.15600000000000003
85,Q,5.65,-0.018,0.11862333333333333,0.019595,0.5990666666666667,0.23495
86,G,5.97,0.222,0.10816333333333333,0.024679999999999994,0.5837666666666667,0.057599999999999985
87,D,2.77,0.645,0.12299277777777778,0.031,0.8750555555555555,0.18605000000000005
88,L,5.98,-0.705,0.09008888888888889,0.015344999999999998,0.007677777777777777,0.011649999999999999
89,A,6.0,0.833,0.10602555555555555,0.01938000000000001,0.5546722222222222,0.05435000000000001
90,G,5.97,1.297,0.11276333333333333,0.02386999999999999,0.8743444444444445,0.042099999999999915
91,R,10.76,-1.31,0.09501722222222223,0.024264999999999995,0.60745,0.08709999999999996
92,A,6.0,-0.828,0.08073833333333333,0.018644999999999995,0.08078888888888888,0.0779
93,E,3.22,1.043,0.12690888888888888,0.01930499999999999,1.043488888888889,0.10785
94,I,6.02,0.397,0.08764277777777779,0.009755,0.38195,0.1476
95,L,5.98,0.896,0.11866166666666667,0.024620000000000003,0.8111222222222222,0.31715000000000004
96,G,5.97,-0.199,0.11173888888888889,0.014820000000000014,0.7191611111111111,0.13324999999999998
97,K,9.74,1.173,0.15422666666666665,0.05715500000000001,1.4691722222222223,0.84975
98,T,5.6,-0.517,0.08360777777777778,0.02043500000000001,0.12276666666666666,0.5383
99,S,5.68,-0.498,0.06882888888888888,0.01153499999999999,0.112,0.049699999999999994
100,L,5.98,-0.741,0.06794777777777777,0.009669999999999984,0.0001722222222222222,0.0006500000000000001
101,K,9.74,-0.128,0.09309611111111112,0.013624999999999998,0.5474,0.13150000000000006
102,I,6.02,-0.849,0.07854722222222223,0.021589999999999998,0.0003888888888888889,0.00145
103,W,5.89,1.21,0.10345777777777777,0.03225499999999999,1.0361777777777776,0.10735000000000006
104,N,5.41,-0.709,0.12638611111111112,0.033695,0.8180611111111111,0.045949999999999935
105,V,5.96,-0.652,0.09944666666666667,0.026779999999999998,0.0011833333333333333,0.0014999999999999998
106,T,5.6,-1.076,0.10873055555555555,0.026755,0.4328388888888889,0.11959999999999998
107,R,10.76,-1.055,0.12541055555555555,0.03961500000000001,0.8002944444444444,0.5619499999999998
108,R,10.76,1.331,0.14035277777777777,0.051455,1.6266666666666667,0.2754000000000001
109,D,2.77,-1.354,0.08995777777777778,0.016859999999999986,0.022577777777777776,0.019799999999999998
110,S,5.68,-0.312,0.103155,0.020460000000000006,0.31601666666666667,0.22789999999999994
111,A,6.0,-0.974,0.09259611111111112,0.011770000000000003,0.14018333333333333,0.042300000000000004
112,L,5.98,1.84,0.11170222222222222,0.021245,0.6201166666666666,0.12365000000000004
113,Y,5.66,-1.228,0.06945888888888889,0.006720000000000004,0.0004,0.0015
114,R,10.76,-0.602,0.10088611111111111,0.026395000000000002,0.5968555555555555,0.3361000000000001
115,C,5.07,-1.353,0.06711722222222222,0.0073850000000000166,0.0007333333333333333,0.00125
116,E,3.22,-1.023,0.1000338888888889,0.022629999999999997,0.1822666666666667,0.282
117,V,5.96,-1.224,0.09805555555555556,0.015234999999999999,0.004855555555555556,0.013949999999999999
118,V,5.96,-0.645,0.11819555555555555,0.014515,0.1031611111111111,0.21214999999999998
119,A,6.0,-0.505,0.1415338888888889,0.012635000000000007,0.19988333333333333,0.09354999999999997
120,R,10.76,1.075,0.16923222222222223,0.06118499999999999,1.2465333333333333,0.32494999999999985
121,N,5.41,1.385,0.220055,0.021365000000000023,1.5683333333333334,0.0909000000000002
122,D,2.77,-0.701,0.19055333333333332,0.038525000000000004,0.7232,0.33704999999999996
123,R,10.76,1.093,0.22043944444444444,0.12378499999999998,1.9395666666666667,1.0821
124,K,9.74,0.204,0.1902111111111111,0.02653999999999998,1.5260055555555556,0.14260000000000006
125,E,3.22,1.573,0.1514661111111111,0.03467999999999999,0.7207111111111111,0.74565
126,I,6.02,0.594,0.132905,0.02619000000000002,0.7287111111111111,0.4466499999999999
127,D,2.77,0.353,0.11650166666666667,0.027155000000000026,0.5538,0.37600000000000006
128,E,3.22,-1.067,0.12420722222222223,0.01726999999999998,0.7703166666666666,0.2297499999999999
129,I,6.02,0.173,0.09551388888888888,0.011420000000000013,0.1175611111111111,0.1082
130,V,5.96,1.477,0.10085777777777777,0.014610000000000012,0.5065666666666666,0.15954999999999991
131,I,6.02,-0.637,0.08295999999999999,0.009980000000000003,0.0006944444444444445,0.00235
132,E,3.22,0.986,0.12737222222222222,0.017875000000000016,0.8561277777777777,0.07724999999999993
133,L,5.98,-1.309,0.09057166666666666,0.016634999999999997,0.03122222222222222,0.013649999999999999
134,T,5.6,-0.356,0.11260388888888888,0.024944999999999995,0.3688777777777778,0.12534999999999996
135,V,5.96,-1.29,0.11007777777777777,0.024495000000000003,0.011033333333333332,0.018400000000000003
136,Q,5.65,-0.695,0.14205444444444446,0.02729000000000001,0.25980000000000003,0.08950000000000002
137,V,5.96,-1.392,0.12489888888888889,0.027270000000000003,0.07708888888888889,0.05889999999999999
138,K,9.74,-0.92,0.14633277777777778,0.02962999999999999,1.1478388888888889,0.3499499999999999
139,P,6.3,-1.369,0.10702277777777779,0.027115000000000014,0.03886111111111111,0.022500000000000006
140,V,5.96,-0.737,0.12900833333333334,0.035965,0.7970333333333334,0.2532
141,T,5.6,0.451,0.126575,0.027275000000000008,1.115961111111111,0.29984999999999995
142,P,6.3,-1.369,0.09401722222222222,0.013645000000000004,0.05931111111111112,0.0321
143,V,5.96,0.522,0.11662388888888889,0.013714999999999991,0.7019833333333333,0.14180000000000004
144,C,5.07,-1.048,0.08879777777777778,0.012425000000000005,0.08910555555555555,0.058550000000000005
145,R,10.76,0.393,0.1385088888888889,0.02400499999999997,1.5476166666666666,0.25744999999999996
146,V,5.96,-0.757,0.08694611111111111,0.01722,0.17622222222222222,0.05925
147,P,6.3,-1.261,0.10152944444444444,0.027454999999999993,0.44331666666666664,0.07390000000000002
148,K,9.74,0.274,0.16439944444444443,0.05981,1.715561111111111,0.27335
149,A,6.0,-0.974,0.12909,0.047715000000000035,0.4637222222222222,0.13345000000000007
150,V,5.96,-1.011,0.12234555555555555,0.030265000000000014,0.10721111111111112,0.03420000000000001
151,P,6.3,-0.793,0.14171166666666668,0.045485000000000025,0.6587055555555555,0.14150000000000007
152,V,5.96,-0.816,0.14766444444444446,0.03825499999999998,0.7450611111111111,0.06169999999999998
153,G,5.97,-1.24,0.14002222222222221,0.03800999999999999,0.41479444444444447,0.060500000000000054
154,K,9.74,-0.081,0.17050944444444446,0.037250000000000005,1.3798777777777778,0.07014999999999993
155,M,5.74,1.216,0.17010222222222224,0.03698000000000001,1.27945,0.05449999999999999
156,A,6.0,-0.877,0.10344777777777778,0.020940000000000014,0.050938888888888895,0.024249999999999994
157,T,5.6,0.189,0.11170944444444444,0.01897000000000003,0.6024166666666667,0.12940000000000007
158,L,5.98,-1.246,0.07873999999999999,0.013064999999999993,0.00025,0.0005
159,H,7.95,0.389,0.10872777777777777,0.013785000000000006,0.7355944444444444,0.16205000000000003
160,C,5.07,-1.353,0.08507722222222222,0.009145,0.030199999999999998,0.03294999999999999
161,Q,5.65,1.075,0.14504722222222222,0.01403999999999997,0.9587444444444445,0.14475000000000005
162,E,3.22,-1.038,0.11049,0.021879999999999997,0.18523333333333333,0.11289999999999997
163,S,5.68,1.331,0.1408838888888889,0.04369500000000001,0.9465666666666667,0.15090000000000003
164,E,3.22,-0.208,0.14554777777777778,0.04545500000000001,0.6589833333333334,0.32094999999999996
165,G,5.97,-1.078,0.1187511111111111,0.028789999999999996,0.05277777777777778,0.11665
166,H,7.95,-0.372,0.1400061111111111,0.05127000000000001,0.7072055555555555,0.5924499999999999
167,P,6.3,-1.369,0.12856944444444443,0.03132999999999998,0.5553388888888889,0.08930000000000005
168,R,10.76,0.334,0.17168833333333333,0.057315000000000005,1.6913,0.30215000000000014
169,P,6.3,-0.317,0.10968722222222221,0.021285,0.07062222222222221,0.04375
170,H,7.95,0.056,0.1356911111111111,0.030425000000000008,1.080177777777778,0.21355000000000013
171,Y,5.66,-1.093,0.08900055555555555,0.012600000000000014,0.16378333333333334,0.07300000000000001
172,S,5.68,0.603,0.07510388888888889,0.014124999999999999,0.4326277777777778,0.09660000000000002
173,W,5.89,-1.179,0.061225,0.007670000000000003,0.015205555555555555,0.0206
174,Y,5.66,0.005,0.07808055555555556,0.016069999999999987,0.5317166666666666,0.05490000000000006
175,R,10.76,-0.512,0.08855333333333333,0.017799999999999983,0.21978333333333333,0.27774999999999994
176,N,5.41,-0.672,0.11489444444444444,0.01945999999999999,0.8024611111111111,0.16049999999999998
177,D,2.77,1.21,0.11979,0.029235000000000025,1.033411111111111,0.05610000000000004
178,V,5.96,0.753,0.103065,0.011525000000000007,0.5778611111111112,0.3406
179,P,6.3,1.198,0.096595,0.013484999999999997,0.7749222222222223,0.09944999999999993
180,L,5.98,-0.635,0.09407777777777777,0.014235000000000012,0.09995555555555555,0.05180000000000001
181,P,6.3,-0.733,0.11080555555555555,0.018924999999999997,0.3477,0.18805
182,T,5.6,3.162,0.14578444444444444,0.041800000000000004,0.8909222222222222,0.19609999999999994
183,D,2.77,0.053,0.17316555555555554,0.05341499999999999,0.7323111111111111,0.4849499999999999
184,S,5.68,-0.518,0.15837277777777778,0.069825,0.2607777777777778,0.738
185,R,10.76,0.38,0.21966777777777777,0.06348000000000004,1.7525388888888886,0.5847999999999998
186,A,6.0,0.787,0.1959688888888889,0.029330000000000023,0.7960166666666667,0.23144999999999993
187,N,5.41,0.139,0.173795,0.04372999999999999,0.4774666666666667,0.3306
188,P,6.3,2.614,0.19571777777777777,0.028305000000000025,1.0745555555555555,0.16595000000000004
189,R,10.76,0.335,0.20613166666666669,0.06795499999999999,1.7815666666666665,0.5235999999999998
190,F,5.48,0.283,0.13651611111111112,0.022814999999999974,0.2290611111111111,0.31094999999999995
191,R,10.76,2.047,0.21763833333333332,0.05319499999999999,1.5893222222222223,0.71245
192,N,5.41,-1.195,0.18313555555555555,0.04474499999999998,1.2780277777777778,0.35220000000000007
193,S,5.68,-0.222,0.12811222222222224,0.02667499999999999,0.1351111111111111,0.12405000000000002
194,S,5.68,-0.907,0.12951055555555555,0.03262000000000001,0.45800555555555555,0.21939999999999998
195,F,5.48,-1.09,0.10500444444444444,0.020885,0.11843888888888889,0.14255
196,H,7.95,0.334,0.1496088888888889,0.02624499999999999,1.1074055555555558,0.24885000000000002
197,L,5.98,0.96,0.1145261111111111,0.026694999999999997,0.18997777777777777,0.1583
198,N,5.41,-0.463,0.13266833333333333,0.02764499999999999,0.6671333333333334,0.11675000000000013
199,S,5.68,3.072,0.1308338888888889,0.04451000000000001,0.4274,0.40665000000000007
200,E,3.22,1.643,0.18038722222222223,0.04789499999999999,1.3279555555555556,0.5297499999999997
201,T,5.6,-0.221,0.13282055555555555,0.033259999999999984,0.7964,0.06894999999999996
202,G,5.97,-1.301,0.09515055555555556,0.022449999999999984,0.000988888888888889,0.0026000000000000003
203,T,5.6,0.058,0.103965,0.014769999999999991,0.29866666666666664,0.1482
204,L,5.98,-1.246,0.07965111111111112,0.013085,0.0013499999999999999,0.0038499999999999997
205,V,5.96,1.056,0.10532777777777777,0.021745,0.39061666666666667,0.11970000000000003
206,F,5.48,-1.031,0.09573444444444444,0.02071500000000001,0.0114,0.0199
207,T,5.6,0.275,0.142555,0.037510000000000016,0.7513166666666666,0.14570000000000005
208,A,6.0,1.039,0.1277288888888889,0.02935500000000002,0.3708111111111111,0.10405000000000003
209,V,5.96,-0.62,0.11443722222222223,0.026764999999999997,0.010777777777777778,0.02335
210,H,7.95,0.426,0.14682222222222222,0.04803500000000001,0.7971666666666667,0.40175000000000005
211,K,9.74,-0.439,0.16359333333333334,0.02674500000000002,1.3558777777777777,0.3111999999999999
212,D,2.77,1.378,0.15070722222222221,0.02120999999999998,1.1176222222222223,0.29210000000000014
213,D,2.77,-1.311,0.09886833333333334,0.012554999999999997,0.04207222222222222,0.0973
214,S,5.68,-0.046,0.10819666666666666,0.01623000000000001,0.40345000000000003,0.04680000000000001
215,G,5.97,-0.988,0.09403833333333333,0.012765000000000012,0.12661111111111112,0.034650000000000014
216,Q,5.65,0.412,0.12982944444444444,0.02033500000000002,0.7133388888888889,0.06900000000000006
217,Y,5.66,-1.157,0.06613944444444445,0.008725000000000004,0.0020944444444444448,0.0064
218,Y,5.66,1.448,0.07623611111111112,0.019735000000000003,0.17310555555555554,0.09204999999999999
219,C,5.07,-1.353,0.06292888888888888,0.012810000000000002,0.00042222222222222227,0.001
220,I,6.02,-0.134,0.07973833333333333,0.021019999999999997,0.33608333333333335,0.12775000000000003
221,A,6.0,-1.258,0.08188611111111112,0.021350000000000008,0.00030555555555555555,0.001
222,S,5.68,0.976,0.09423833333333333,0.027639999999999998,0.3962111111111111,0.12590000000000007
223,N,5.41,-1.367,0.10709333333333333,0.03041500000000001,0.2104,0.04999999999999999
224,D,2.77,1.352,0.15001166666666668,0.03517500000000001,1.2787333333333333,0.07045000000000012
225,A,6.0,-0.63,0.12448833333333334,0.035979999999999984,0.21572777777777777,0.13009999999999997
226,G,5.97,-1.303,0.10608166666666667,0.03617500000000001,0.21102777777777776,0.03259999999999999
227,S,5.68,1.7,0.09985111111111111,0.026929999999999996,0.7765222222222222,0.052649999999999975
228,A,6.0,-0.452,0.087975,0.02636000000000001,0.18739444444444445,0.06805
229,R,10.76,0.68,0.12434555555555556,0.021725000000000022,1.4304,0.2850999999999999
230,C,5.07,-1.175,0.08447333333333334,0.015854999999999994,0.05321666666666666,0.03894999999999999
231,E,3.22,2.214,0.1437011111111111,0.02265000000000003,1.4114722222222222,0.11734999999999984
232,E,3.22,0.929,0.12637277777777778,0.022910000000000014,0.9027277777777777,0.07829999999999993
233,Q,5.65,0.024,0.09881166666666667,0.01788999999999999,0.5469111111111111,0.12500000000000006
234,E,3.22,1.743,0.14102944444444446,0.025395,0.9623444444444446,0.2197500000000001
235,M,5.74,-1.097,0.10392777777777779,0.014764999999999986,0.008111111111111112,0.0114
236,E,3.22,-0.686,0.14819944444444444,0.03239,0.8696722222222222,0.19415000000000004
237,V,5.96,-0.974,0.12460500000000001,0.030854999999999994,0.09073888888888888,0.05595000000000001
238,Y,5.66,-0.058,0.18207111111111113,0.047294999999999976,1.6724444444444444,0.17095000000000016
